{
  "images" : [
    {
      "idiom" : "iphone",
      "filename" : "LaunchScreen-480h.png",
      "scale" : "1x"
    },
    {
      "idiom" : "iphone",
      "filename" : "LaunchScreen-667h@2x.png",
      "scale" : "2x"
    },
    {
      "idiom" : "iphone",
      "filename" : "LaunchScreen-736h@3x.png",
      "scale" : "3x"
    },
    {
      "idiom" : "ipad",
      "filename" : "LaunchScreen-iPad-1024h.png",
      "scale" : "1x"
    },
    {
      "idiom" : "ipad",
      "filename" : "LaunchScreen-iPad-1024h@2x.png",
      "scale" : "2x"
    }
  ],
  "info" : {
    "version" : 1,
    "author" : "xcode"
  }
}